order_item_id,order_id,product_id,quantity,unit_price
1,1,200,3,56.26
2,1,46,10,305.05
3,1,178,6,254.53
4,1,149,7,212.24
5,1,45,10,458.38
6,2,71,6,485.39
7,2,102,8,403.37
8,3,106,9,152.96
9,3,155,9,431.05
10,4,162,5,344.87
11,4,56,3,490.76
12,4,52,3,254.43
13,4,54,6,356.62
14,4,160,6,283.33
15,5,147,9,146.53
16,5,171,7,405.11
17,5,182,9,57.7
18,5,107,7,76.94
19,5,173,1,103.95
20,6,74,5,77.48
21,6,175,1,346.84
22,7,53,1,182.55
23,7,193,8,55.73
24,7,139,9,433.1
25,8,100,1,463.61
26,8,61,7,211.2
27,8,131,6,483.09
28,8,179,1,11.42
29,8,74,5,105.53
30,9,58,6,378.78
31,9,163,9,370.53
32,9,181,4,389.19
33,9,182,4,150.62
34,10,175,3,481.43
35,10,20,9,64.08
36,11,110,5,280.52
37,12,42,5,7.79
38,12,150,8,356.3
39,13,11,6,300.46
40,13,40,10,422.35
41,14,126,6,41.08
42,14,147,6,265.07
43,14,141,3,262.7
44,15,41,2,177.95
45,15,107,4,333.35
46,15,140,6,183.59
47,15,138,4,475.4
48,15,104,10,267.6
49,16,193,6,225.61
50,16,167,10,459.71
51,16,3,4,479.65
52,16,30,6,193.78
53,16,172,2,196.01
54,17,186,6,259.58
55,17,73,9,225.55
56,17,7,1,151.73
57,17,133,4,163.55
58,17,198,2,474.36
59,18,198,9,8.63
60,18,138,2,109.34
61,19,176,2,106.76
62,19,109,7,325.05
63,20,192,3,16.76
64,21,10,1,93.11
65,21,23,5,281.25
66,21,19,10,411.7
67,22,105,7,219.35
68,22,100,1,197.8
69,22,116,2,269.74
70,23,17,2,182.06
71,23,194,9,57.54
72,23,191,5,305.25
73,23,150,5,383.81
74,23,12,8,193.8
75,24,122,3,269.07
76,25,192,9,151.01
77,25,101,3,152.54
78,26,3,3,66.0
79,26,142,1,288.5
80,26,143,7,270.89
81,27,79,4,375.41
82,28,55,9,75.52
83,28,106,3,114.29
84,28,166,5,101.19
85,29,172,1,426.44
86,29,146,9,233.33
87,30,19,2,102.72
88,30,75,10,246.16
89,30,172,6,181.78
90,30,18,4,54.52
91,30,65,10,39.56
92,31,82,8,167.53
93,31,125,5,348.26
94,32,145,6,404.81
95,32,146,7,88.48
96,33,64,7,141.96
97,33,57,6,71.48
98,33,183,6,439.55
99,34,115,8,278.08
100,34,92,3,324.55
101,34,199,2,421.69
102,34,79,3,446.19
103,35,68,2,365.08
104,35,188,1,425.55
105,36,149,10,205.54
106,37,55,9,238.69
107,37,10,3,186.08
108,37,142,4,446.26
109,37,67,10,367.95
110,37,140,5,71.27
111,38,131,1,333.03
112,38,24,10,343.66
113,38,102,9,74.48
114,38,94,3,93.68
115,38,129,10,331.41
116,39,189,8,469.89
117,39,188,1,113.32
118,40,60,4,26.19
119,40,17,4,261.35
120,40,68,6,197.11
121,40,95,8,441.37
122,41,167,6,56.1
123,42,163,9,287.23
124,42,71,7,328.57
125,42,190,6,295.9
126,42,68,2,260.75
127,42,149,7,486.47
128,43,133,6,409.53
129,43,104,6,246.0
130,44,155,8,86.97
131,44,2,2,259.7
132,44,129,5,109.7
133,44,36,3,82.89
134,45,184,6,361.53
135,45,31,8,339.24
136,45,170,8,109.3
137,45,59,3,325.39
138,45,107,7,16.11
139,46,33,10,298.21
140,47,162,1,445.94
141,47,132,3,32.68
142,48,47,10,484.78
143,48,133,1,439.86
144,48,104,5,473.89
145,49,115,8,434.31
146,49,156,3,113.59
147,50,154,3,313.49
148,50,37,9,135.94
149,50,150,6,461.56
150,50,197,10,297.35
151,51,97,3,58.74
152,51,99,4,263.74
153,52,176,3,240.56
154,52,108,10,301.91
155,52,39,9,254.15
156,52,156,2,51.13
157,52,25,3,451.48
158,53,1,9,213.24
159,53,199,1,350.33
160,53,174,7,118.6
161,53,167,8,395.83
162,53,111,7,178.51
163,54,26,4,455.49
164,54,109,2,145.22
165,54,35,9,207.28
166,54,66,4,7.71
167,54,123,1,291.1
168,55,134,1,190.64
169,56,177,7,184.32
170,56,81,3,215.91
171,57,65,6,307.88
172,57,67,7,378.71
173,57,138,7,278.29
174,57,109,9,243.82
175,57,145,6,281.75
176,58,65,7,369.21
177,58,79,2,375.17
178,58,148,8,392.64
179,58,89,3,54.64
180,59,103,1,84.57
181,59,87,1,403.16
182,59,141,3,238.48
183,59,158,10,220.51
184,59,179,2,135.23
185,60,21,7,465.69
186,60,156,7,308.91
187,60,10,9,146.8
188,61,15,8,10.3
189,61,199,9,146.57
190,61,45,1,393.06
191,61,164,9,260.33
192,61,127,4,309.52
193,62,93,4,329.23
194,63,23,7,179.8
195,63,71,7,205.7
196,64,133,2,459.99
197,64,4,9,145.82
198,65,150,10,481.71
199,65,90,8,465.21
200,65,89,10,7.3
201,65,71,3,206.53
202,65,58,2,281.52
203,66,76,9,407.51
204,66,88,10,128.82
205,66,30,8,483.2
206,66,132,10,244.4
207,66,66,4,379.95
208,67,175,8,62.55
209,67,118,2,194.42
210,67,151,4,340.07
211,67,8,4,401.08
212,68,91,5,127.89
213,68,133,2,202.47
214,68,138,6,42.63
215,68,3,3,240.89
216,69,56,3,473.82
217,69,147,4,252.0
218,69,69,4,121.26
219,70,68,4,105.37
220,70,53,4,418.99
221,71,40,2,460.49
222,71,200,8,308.84
223,71,28,9,479.21
224,72,96,10,435.04
225,72,159,8,95.52
226,72,81,9,143.73
227,72,127,4,376.33
228,73,14,7,241.77
229,73,135,9,21.12
230,74,101,3,231.31
231,74,176,2,350.63
232,74,199,8,161.25
233,75,4,4,192.82
234,76,84,6,308.33
235,77,48,4,138.36
236,77,141,10,174.83
237,77,68,3,251.89
238,78,108,6,185.71
239,78,180,7,143.42
240,79,147,10,344.58
241,79,34,2,361.8
242,80,143,7,102.05
243,80,111,3,239.13
244,81,46,7,252.3
245,82,137,5,283.26
246,82,185,10,28.62
247,82,81,2,346.82
248,82,125,1,111.66
249,82,77,5,240.89
250,83,116,6,133.59
251,84,144,6,14.82
252,84,143,2,178.79
253,84,66,10,103.48
254,85,167,6,165.92
255,85,138,9,246.31
256,85,45,8,445.37
257,85,200,7,308.76
258,85,73,8,317.7
259,86,43,6,213.8
260,86,164,10,287.96
261,87,21,3,175.09
262,88,82,5,304.67
263,88,168,7,139.27
264,88,75,8,391.58
265,89,192,8,209.92
266,89,151,3,427.83
267,89,134,3,365.25
268,90,191,2,109.23
269,90,180,7,55.99
270,90,192,2,468.71
271,91,141,7,264.37
272,91,14,2,56.44
273,91,7,10,81.86
274,91,198,7,158.14
275,92,189,8,315.11
276,92,73,3,265.74
277,93,8,6,430.88
278,93,9,6,432.8
279,94,139,3,484.92
280,94,70,9,92.63
281,94,141,10,230.99
282,94,114,10,220.31
283,95,80,2,223.72
284,95,89,6,209.04
285,95,124,3,155.27
286,95,139,1,264.04
287,95,59,3,175.22
288,96,137,8,153.31
289,96,3,7,399.99
290,96,177,10,119.45
291,96,126,1,276.37
292,97,106,7,200.4
293,97,144,3,358.89
294,98,97,7,314.53
295,98,57,9,383.45
296,98,68,10,404.75
297,98,21,5,145.92
298,99,69,3,148.35
299,99,106,8,310.78
300,99,49,5,351.73
301,99,18,8,97.96
302,99,47,1,80.31
303,100,6,3,359.02
304,100,48,1,120.24
305,100,27,3,12.29
306,100,73,4,174.25
307,100,69,5,393.93
308,101,96,6,44.71
309,101,119,3,32.74
310,101,179,7,40.34
311,101,9,8,94.89
312,102,98,4,195.47
313,102,4,8,127.35
314,102,32,1,103.59
315,103,134,4,239.05
316,104,83,1,373.64
317,104,41,9,262.86
318,104,162,5,243.21
319,105,51,4,486.77
320,105,93,4,318.29
321,105,14,6,12.46
322,106,150,4,9.42
323,106,31,1,292.63
324,106,102,8,345.76
325,107,96,2,128.12
326,107,198,8,50.24
327,108,87,3,352.16
328,108,195,2,67.28
329,108,161,4,161.79
330,108,16,9,395.34
331,108,92,6,403.74
332,109,188,7,182.29
333,109,50,3,129.09
334,109,6,1,245.22
335,109,177,8,281.72
336,110,179,9,177.09
337,110,126,8,141.29
338,110,49,10,457.66
339,110,146,9,84.37
340,110,48,9,81.74
341,111,68,8,5.36
342,111,139,9,192.63
343,111,94,3,442.05
344,112,94,2,330.85
345,112,199,9,410.43
346,112,159,4,264.41
347,112,62,8,384.04
348,112,83,3,308.45
349,113,105,2,52.65
350,113,165,2,26.67
351,113,83,3,93.43
352,114,52,2,245.26
353,115,9,10,322.67
354,116,169,10,131.69
355,116,126,6,114.26
356,116,135,2,11.48
357,116,160,4,329.6
358,117,120,1,183.66
359,118,95,5,266.87
360,118,182,2,418.06
361,118,15,2,472.58
362,118,158,9,53.07
363,119,137,4,100.59
364,119,99,4,287.16
365,120,143,9,210.52
366,120,192,2,384.31
367,121,92,7,442.0
368,121,173,3,397.27
369,121,118,9,203.77
370,121,180,6,330.48
371,121,171,9,499.22
372,122,91,6,209.11
373,122,81,7,413.95
374,122,141,6,306.16
375,122,84,10,275.08
376,123,197,6,481.02
377,123,141,8,480.11
378,123,191,1,364.53
379,123,66,5,299.9
380,124,35,4,428.58
381,124,78,1,386.9
382,124,2,5,459.96
383,124,77,9,280.38
384,124,57,10,81.58
385,125,118,6,82.27
386,126,94,4,131.84
387,126,150,5,50.49
388,126,64,7,286.69
389,127,188,6,397.49
390,127,20,3,246.7
391,128,25,10,193.87
392,128,153,1,461.33
393,128,165,6,177.23
394,128,77,7,211.18
395,128,10,2,435.54
396,129,192,10,464.68
397,129,168,7,31.79
398,130,11,6,253.69
399,130,82,4,80.83
400,130,139,7,485.66
401,130,145,10,289.75
402,130,39,2,114.93
403,131,101,6,45.86
404,131,38,10,373.93
405,131,34,9,202.6
406,132,103,9,220.07
407,133,196,8,281.85
408,133,35,8,200.68
409,134,51,4,124.95
410,134,144,5,389.5
411,134,158,6,343.95
412,134,189,10,49.35
413,134,135,7,214.65
414,135,49,10,329.43
415,135,83,5,88.78
416,135,89,6,310.03
417,136,160,4,103.84
418,136,38,6,82.22
419,136,113,2,60.62
420,136,12,1,125.31
421,137,38,2,156.03
422,137,74,8,16.26
423,137,4,4,371.31
424,137,88,4,105.88
425,137,178,9,376.43
426,138,124,1,191.42
427,138,160,9,26.52
428,138,187,3,34.75
429,138,37,4,395.65
430,138,178,10,139.28
431,139,168,5,333.18
432,139,3,6,432.82
433,139,18,1,149.79
434,139,100,7,119.43
435,140,131,8,434.05
436,140,182,9,48.57
437,140,26,4,252.82
438,140,81,8,282.54
439,141,11,4,461.52
440,142,86,3,14.09
441,142,126,6,180.91
442,142,101,5,121.92
443,143,71,1,472.35
444,143,16,5,116.66
445,143,161,6,449.1
446,143,66,3,48.46
447,143,100,7,262.76
448,144,161,10,80.61
449,144,176,5,455.32
450,144,59,6,227.34
451,144,107,3,107.34
452,144,62,3,292.61
453,145,36,9,455.23
454,145,80,7,497.86
455,146,168,3,162.16
456,146,145,9,268.82
457,147,48,6,420.56
458,148,187,6,440.67
459,148,8,7,480.79
460,149,114,5,80.22
461,149,191,4,57.85
462,149,164,3,17.97
463,150,158,4,300.2
464,150,69,4,345.25
465,150,156,6,44.34
466,150,146,8,71.37
467,150,157,10,237.04
468,151,48,8,73.07
469,151,100,4,117.01
470,151,126,7,383.45
471,152,70,7,115.16
472,153,194,2,92.65
473,153,53,8,434.23
474,154,177,7,205.41
475,154,84,1,305.93
476,154,118,7,361.5
477,154,64,7,307.69
478,155,153,1,262.72
479,155,138,8,231.17
480,155,135,1,439.5
481,155,165,4,261.76
482,155,181,7,492.0
483,156,143,7,260.48
484,157,49,5,222.58
485,158,199,3,214.12
486,158,74,10,459.92
487,158,119,9,452.32
488,159,166,9,61.02
489,159,116,10,469.23
490,159,24,9,71.98
491,159,185,7,165.11
492,160,46,8,297.21
493,161,117,5,165.42
494,161,24,3,360.6
495,162,24,2,354.58
496,163,22,7,364.8
497,163,135,9,307.98
498,163,182,3,192.45
499,164,12,10,436.3
500,164,197,3,85.25
501,164,44,3,93.54
502,164,86,1,212.69
503,165,187,5,315.09
504,165,197,2,449.78
505,165,115,4,6.75
506,166,4,8,274.03
507,166,118,1,305.95
508,166,128,8,122.75
509,167,169,2,302.6
510,167,122,1,126.13
511,167,117,9,142.67
512,167,105,9,410.96
513,167,114,4,29.21
514,168,15,6,23.18
515,168,168,1,335.16
516,169,77,7,496.9
517,169,85,3,337.68
518,169,23,10,332.16
519,169,13,10,288.28
520,169,28,9,92.82
521,170,192,2,385.41
522,170,149,6,187.44
523,170,93,7,411.03
524,170,10,7,422.44
525,171,75,8,71.6
526,172,85,9,108.87
527,172,135,4,307.97
528,172,106,2,287.83
529,173,23,5,216.39
530,173,124,6,133.53
531,173,186,10,497.54
532,173,177,6,463.92
533,173,155,10,283.5
534,174,187,10,120.2
535,174,162,5,489.73
536,174,128,1,63.51
537,174,127,8,314.6
538,174,47,2,370.05
539,175,158,7,27.52
540,175,107,6,282.41
541,176,3,4,346.56
542,176,164,5,396.15
543,177,77,6,384.68
544,177,130,2,344.49
545,177,141,6,201.04
546,178,158,6,461.53
547,178,8,8,458.5
548,178,45,1,324.6
549,178,50,8,81.92
550,178,85,8,446.57
551,179,86,9,153.18
552,179,119,6,279.81
553,179,106,1,108.09
554,179,191,6,400.77
555,179,15,6,37.78
556,180,72,6,491.89
557,180,8,9,421.99
558,181,156,5,354.11
559,181,100,6,356.37
560,181,48,5,209.87
561,181,153,8,439.14
562,181,30,6,228.69
563,182,56,3,60.55
564,182,135,1,390.01
565,182,78,2,224.67
566,183,124,9,81.27
567,184,124,5,388.89
568,184,188,3,385.89
569,184,135,2,411.96
570,185,174,8,196.86
571,185,34,9,62.34
572,185,53,5,466.51
573,185,186,10,436.58
574,185,10,6,236.1
575,186,27,9,384.26
576,187,6,5,321.23
577,187,148,4,163.84
578,187,195,4,146.85
579,188,82,5,78.91
580,188,198,5,61.66
581,188,113,10,282.01
582,188,172,2,107.26
583,188,31,6,276.94
584,189,37,10,126.19
585,189,181,2,159.13
586,189,73,6,272.59
587,190,34,1,238.01
588,191,28,7,31.63
589,192,101,10,316.59
590,192,46,8,310.08
591,192,181,5,169.5
592,192,153,4,357.88
593,193,21,3,50.99
594,193,194,8,53.15
595,193,196,5,343.82
596,193,120,8,237.92
597,193,146,4,76.14
598,194,67,6,395.45
599,194,94,6,229.38
600,194,101,1,37.36
601,194,47,2,178.96
602,194,180,8,423.65
603,195,197,10,68.06
604,195,90,2,205.81
605,195,155,2,166.31
606,196,78,9,233.18
607,197,106,3,487.08
608,197,62,7,37.7
609,197,159,4,407.89
610,197,63,10,218.42
611,197,141,7,285.77
612,198,140,3,332.99
613,198,178,2,370.99
614,198,61,10,419.19
615,199,152,10,234.14
616,200,25,2,301.14
617,200,114,10,386.81
618,200,46,7,167.07
619,200,79,1,49.81
620,200,104,3,444.19
621,201,194,3,332.14
622,202,137,10,226.34
623,202,75,4,342.35
624,202,100,6,153.37
625,202,158,5,459.66
626,203,184,1,307.69
627,203,89,9,205.08
628,203,23,3,426.99
629,203,150,1,187.77
630,204,14,2,431.32
631,204,1,1,121.44
632,204,181,10,200.16
633,204,144,6,357.33
634,204,92,7,193.87
635,205,55,4,279.93
636,205,170,6,420.78
637,205,45,3,147.79
638,205,122,3,71.47
639,205,36,2,325.95
640,206,185,7,487.61
641,206,125,3,46.91
642,207,117,10,94.0
643,207,179,9,214.94
644,207,155,8,195.43
645,207,109,4,96.97
646,208,2,9,138.28
647,208,148,9,290.29
648,208,128,1,489.23
649,208,188,10,244.22
650,208,61,6,61.02
651,209,177,9,491.87
652,209,21,5,235.14
653,209,37,2,264.06
654,209,187,10,48.78
655,210,162,2,343.62
656,210,190,9,400.06
657,210,170,5,308.45
658,210,172,6,269.84
659,211,121,8,258.77
660,212,147,6,480.49
661,212,188,5,148.16
662,212,85,1,349.05
663,212,108,10,375.97
664,213,67,3,288.57
665,213,16,5,405.4
666,213,162,10,18.51
667,213,122,8,45.84
668,213,149,9,43.05
669,214,65,5,141.23
670,214,34,5,12.03
671,214,158,2,303.89
672,215,190,3,134.32
673,215,39,4,245.03
674,215,169,9,431.7
675,215,115,6,492.12
676,215,95,3,299.79
677,216,127,7,386.33
678,216,193,4,332.03
679,217,54,6,31.89
680,217,148,5,378.96
681,218,14,3,234.69
682,219,78,9,120.66
683,219,122,7,239.92
684,219,192,3,267.57
685,219,193,7,10.87
686,220,98,1,53.2
687,220,174,9,320.52
688,220,81,7,307.19
689,220,136,5,170.81
690,221,26,10,198.62
691,221,66,4,368.49
692,221,168,10,386.4
693,222,87,9,10.24
694,222,174,1,416.69
695,222,177,1,208.57
696,222,47,9,56.43
697,222,81,8,179.0
698,223,65,1,311.6
699,223,50,1,469.56
700,223,9,4,475.49
701,224,182,2,47.76
702,225,34,10,402.58
703,225,97,3,448.52
704,225,169,3,130.4
705,225,196,8,331.94
706,225,166,2,321.2
707,226,197,6,132.38
708,226,110,2,142.26
709,226,178,1,194.49
710,227,16,3,223.08
711,227,67,8,489.81
712,227,68,4,307.1
713,228,166,2,76.22
714,228,126,7,113.1
715,229,114,5,56.13
716,230,19,10,365.13
717,231,5,1,466.78
718,231,128,7,136.89
719,231,39,6,452.79
720,231,168,10,6.83
721,232,123,2,272.36
722,232,112,1,195.29
723,232,104,8,65.0
724,232,187,9,467.85
725,233,86,7,32.32
726,233,175,2,185.85
727,233,78,6,44.83
728,234,195,4,92.43
729,234,197,1,483.92
730,234,75,4,152.94
731,234,166,7,448.75
732,235,125,8,368.99
733,235,22,3,22.67
734,235,162,1,361.27
735,236,62,5,252.34
736,236,126,8,483.45
737,236,100,1,23.34
738,236,17,1,172.17
739,236,139,1,205.73
740,237,168,9,231.89
741,237,171,9,78.73
742,238,60,8,328.65
743,238,19,8,454.05
744,238,10,10,27.67
745,238,189,3,12.11
746,238,37,1,452.81
747,239,117,10,89.49
748,240,17,10,114.18
749,240,28,4,215.97
750,240,30,7,165.5
751,240,128,10,275.21
752,240,153,6,419.03
753,241,196,10,90.86
754,241,12,2,64.77
755,242,194,3,349.67
756,242,107,9,86.68
757,243,149,3,54.48
758,243,11,10,191.18
759,244,5,2,8.14
760,244,125,3,463.44
761,245,73,3,107.05
762,245,107,5,263.93
763,245,178,7,123.43
764,245,198,3,307.22
765,245,122,1,300.15
766,246,157,6,212.3
767,246,23,9,121.64
768,246,161,2,493.37
769,246,78,2,311.37
770,247,130,4,141.83
771,247,57,4,60.78
772,247,119,3,344.2
773,247,198,8,251.27
774,247,161,3,336.72
775,248,14,6,146.11
776,249,65,8,26.44
777,249,86,1,462.81
778,249,158,3,83.23
779,249,195,1,245.11
780,250,19,4,362.09
781,251,149,6,118.88
782,251,84,2,166.44
783,251,108,2,122.37
784,251,51,7,435.59
785,251,192,7,446.23
786,252,121,10,244.78
787,253,38,3,196.73
788,253,56,3,231.58
789,253,157,4,317.85
790,253,117,5,105.09
791,254,9,10,34.53
792,254,178,3,60.0
793,255,118,6,113.83
794,255,108,5,303.8
795,255,44,10,453.26
796,255,195,10,485.22
797,256,23,9,247.16
798,256,106,4,297.83
799,257,72,4,127.68
800,257,4,7,291.84
801,257,187,10,473.39
802,257,110,10,449.63
803,258,12,9,21.64
804,258,11,9,200.19
805,258,121,2,228.96
806,258,188,4,46.13
807,259,178,7,475.22
808,260,92,4,325.58
809,260,76,2,12.89
810,261,42,10,374.91
811,261,181,1,488.33
812,261,118,8,387.06
813,262,48,1,430.89
814,262,95,2,195.52
815,262,161,6,267.81
816,262,119,5,215.82
817,263,179,10,398.27
818,263,157,2,312.13
819,263,139,6,369.2
820,264,132,6,444.55
821,265,99,6,235.35
822,266,94,6,91.76
823,267,181,4,73.51
824,267,18,6,123.12
825,267,144,2,326.27
826,267,182,10,436.21
827,267,199,4,377.82
828,268,83,5,254.27
829,268,91,7,142.19
830,269,96,6,228.94
831,270,135,9,450.23
832,270,32,8,312.37
833,270,121,2,98.24
834,270,182,8,48.22
835,270,137,7,449.48
836,271,20,5,60.45
837,271,28,3,250.68
838,271,43,4,262.74
839,272,76,7,484.94
840,273,34,1,149.3
841,273,122,2,15.91
842,273,89,4,418.3
843,273,108,9,324.11
844,273,114,7,291.46
845,274,125,9,421.74
846,274,152,8,231.71
847,274,171,10,70.32
848,275,44,8,189.09
849,275,67,5,386.03
850,275,59,1,78.43
851,276,117,3,357.35
852,276,43,5,95.23
853,276,159,3,420.47
854,277,42,2,25.37
855,277,61,6,289.39
856,278,67,9,355.03
857,278,95,6,489.12
858,278,48,3,189.59
859,278,53,9,487.86
860,279,78,3,474.16
861,279,32,6,82.25
862,279,7,9,487.92
863,279,104,6,325.39
864,279,128,5,239.59
865,280,194,3,400.79
866,280,147,8,172.65
867,280,171,2,367.16
868,281,36,9,62.85
869,282,103,10,421.23
870,283,92,10,322.45
871,283,24,10,265.58
872,283,84,5,101.88
873,283,15,2,271.51
874,284,174,7,101.25
875,284,172,6,303.57
876,284,23,9,471.98
877,284,132,6,201.79
878,285,95,5,175.74
879,285,99,5,488.87
880,285,96,9,48.36
881,285,4,8,372.06
882,286,114,7,365.66
883,286,74,7,74.09
884,286,42,10,300.98
885,286,187,3,107.85
886,287,135,7,48.78
887,287,86,7,321.21
888,287,17,5,210.18
889,287,152,9,233.75
890,288,194,5,279.16
891,288,36,1,412.29
892,288,52,5,418.12
893,288,48,5,249.58
894,288,98,8,116.14
895,289,40,5,153.58
896,290,32,7,93.79
897,290,168,4,19.08
898,290,171,5,249.06
899,290,74,2,301.45
900,291,149,7,434.83
901,291,124,8,487.26
902,291,145,2,189.74
903,292,5,3,163.24
904,292,67,3,181.91
905,292,42,1,139.97
906,292,149,7,319.94
907,292,15,6,29.11
908,293,136,9,100.94
909,293,164,3,383.52
910,293,20,10,377.55
911,294,83,6,52.44
912,294,81,10,179.06
913,294,176,3,11.38
914,294,78,9,144.3
915,294,70,8,208.94
916,295,27,3,254.17
917,295,56,4,398.58
918,296,158,9,352.62
919,296,177,2,211.59
920,296,135,2,62.7
921,296,137,3,462.09
922,296,183,8,177.36
923,297,36,9,382.98
924,297,114,6,90.24
925,297,153,5,19.24
926,298,57,3,429.12
927,299,177,5,67.05
928,299,59,3,490.65
929,300,177,1,388.47
930,300,196,7,26.05
931,300,29,2,21.23
932,300,20,9,298.62
933,301,31,5,335.46
934,301,65,2,392.27
935,301,12,10,106.67
936,301,17,4,96.47
937,302,8,5,474.65
938,302,24,6,179.34
939,302,38,9,391.5
940,303,62,10,382.81
941,303,130,9,112.41
942,303,146,4,482.31
943,303,18,3,451.32
944,303,26,9,7.14
945,304,55,9,426.39
946,305,94,8,338.4
947,305,179,2,94.52
948,305,151,6,490.74
949,305,48,7,111.07
950,306,105,6,66.19
951,306,29,2,262.27
952,307,196,9,362.46
953,307,93,2,167.42
954,307,181,2,195.47
955,307,74,8,302.19
956,308,176,9,206.6
957,308,114,7,98.45
958,308,58,2,447.9
959,309,174,8,337.69
960,309,95,7,221.84
961,309,46,2,64.01
962,309,4,7,203.31
963,310,27,4,172.62
964,310,190,10,422.79
965,310,44,7,65.77
966,310,17,7,363.97
967,310,94,5,383.58
968,311,152,6,240.53
969,311,70,10,475.32
970,311,194,8,258.15
971,311,165,3,385.16
972,311,103,2,65.48
973,312,128,1,54.3
974,312,60,1,416.0
975,312,161,8,340.66
976,312,35,3,194.4
977,313,40,10,52.69
978,313,78,2,332.23
979,313,160,9,384.95
980,314,52,8,254.87
981,314,76,9,175.09
982,314,170,9,275.58
983,314,128,1,495.4
984,315,99,8,160.71
985,316,114,3,280.55
986,316,118,5,442.93
987,316,10,3,248.28
988,316,9,3,159.67
989,317,125,8,331.74
990,317,196,9,288.24
991,317,29,8,283.32
992,317,146,3,255.81
993,318,68,10,339.86
994,318,127,5,163.64
995,318,152,1,297.28
996,318,97,3,419.28
997,319,190,6,193.38
998,319,150,7,175.85
999,319,7,6,208.91
1000,320,170,4,127.57
1001,321,152,2,435.13
1002,321,22,2,172.11
1003,321,177,1,271.52
1004,322,118,7,286.18
1005,323,69,10,16.01
1006,323,6,6,191.98
1007,323,179,7,164.6
1008,323,121,2,405.12
1009,324,177,4,171.3
1010,325,196,5,184.85
1011,325,171,7,104.87
1012,325,87,2,420.99
1013,325,43,9,110.97
1014,325,158,5,28.53
1015,326,103,10,51.89
1016,326,58,6,140.32
1017,326,160,10,401.59
1018,326,191,8,216.42
1019,326,24,6,398.85
1020,327,130,9,160.11
1021,327,77,7,204.14
1022,327,111,10,260.11
1023,328,47,3,290.54
1024,328,5,4,332.1
1025,328,161,8,137.63
1026,328,181,9,405.42
1027,328,133,7,467.64
1028,329,134,4,185.32
1029,330,62,5,422.84
1030,330,39,7,162.73
1031,331,163,4,423.75
1032,332,74,5,344.99
1033,332,166,4,205.9
1034,332,42,2,79.23
1035,333,63,5,234.76
1036,334,112,3,139.99
1037,334,109,1,132.91
1038,334,166,5,331.04
1039,334,10,3,323.93
1040,334,52,1,482.07
1041,335,6,10,152.5
1042,335,15,2,450.78
1043,335,22,7,448.9
1044,335,81,2,201.46
1045,336,61,10,368.57
1046,336,29,2,263.37
1047,337,199,4,301.91
1048,337,135,6,168.0
1049,337,65,10,369.93
1050,337,128,4,468.07
1051,337,24,4,76.42
1052,338,55,8,207.15
1053,338,71,10,32.68
1054,339,96,7,240.05
1055,339,180,4,481.84
1056,339,29,3,184.68
1057,339,82,6,411.58
1058,339,140,1,324.47
1059,340,9,4,130.23
1060,340,190,7,158.09
1061,340,170,6,452.06
1062,340,14,2,269.78
1063,340,177,4,429.54
1064,341,3,2,468.48
1065,341,101,4,152.22
1066,341,66,3,458.37
1067,341,78,6,440.34
1068,342,9,8,238.19
1069,342,71,7,463.62
1070,342,21,6,360.11
1071,342,200,2,413.08
1072,343,130,7,303.05
1073,343,17,9,370.2
1074,343,91,8,349.13
1075,344,165,3,316.93
1076,345,1,4,316.01
1077,345,103,6,290.03
1078,346,41,4,260.6
1079,347,153,7,397.36
1080,347,176,6,228.49
1081,348,67,10,414.25
1082,348,45,5,103.34
1083,349,95,10,116.12
1084,349,47,1,461.94
1085,349,101,10,315.18
1086,349,97,2,487.19
1087,350,68,3,29.64
1088,350,180,10,217.31
1089,351,39,3,473.89
1090,351,23,2,11.99
1091,351,95,9,220.4
1092,352,173,4,99.32
1093,352,127,5,147.54
1094,352,31,8,194.13
1095,352,58,7,428.89
1096,353,56,7,94.28
1097,353,73,3,19.24
1098,353,187,5,121.57
1099,353,174,8,454.13
1100,353,49,6,293.54
1101,354,22,6,487.33
1102,354,3,7,344.99
1103,354,121,7,355.68
1104,354,35,10,131.83
1105,355,143,1,30.8
1106,356,121,10,469.96
1107,356,91,10,356.24
1108,357,2,5,254.75
1109,358,78,3,484.19
1110,358,102,9,25.36
1111,358,172,3,133.84
1112,358,95,9,248.96
1113,359,120,6,356.58
1114,359,34,7,75.19
1115,359,23,2,160.07
1116,360,128,6,463.49
1117,360,72,5,451.88
1118,361,157,9,159.94
1119,361,195,3,161.19
1120,361,68,8,383.02
1121,362,143,8,31.34
1122,362,169,3,32.01
1123,363,10,5,85.96
1124,363,121,8,221.03
1125,364,11,9,245.17
1126,364,114,8,60.68
1127,364,92,3,66.21
1128,364,182,2,105.85
1129,365,47,9,412.17
1130,365,44,10,445.99
1131,365,192,10,110.14
1132,366,135,10,94.38
1133,367,64,8,340.07
1134,368,7,2,200.11
1135,368,73,10,464.93
1136,368,175,2,419.3
1137,369,8,8,416.2
1138,369,21,8,229.76
1139,370,153,6,485.04
1140,370,169,10,475.69
1141,370,2,6,473.97
1142,371,34,6,400.08
1143,371,55,2,275.84
1144,371,13,10,193.79
1145,371,165,7,131.31
1146,371,73,4,482.7
1147,372,23,7,390.85
1148,372,6,5,325.35
1149,372,54,3,64.7
1150,372,42,8,401.54
1151,373,176,6,334.43
1152,373,155,6,258.76
1153,373,34,8,225.49
1154,374,122,7,49.66
1155,374,69,7,406.44
1156,374,145,10,97.25
1157,374,154,7,51.01
1158,375,88,3,465.68
1159,375,119,9,316.63
1160,375,174,9,46.57
1161,375,58,8,221.49
1162,375,166,8,153.69
1163,376,176,4,263.93
1164,376,77,5,286.43
1165,377,20,7,209.44
1166,377,12,8,332.12
1167,377,132,10,407.35
1168,377,28,6,131.16
1169,377,131,2,385.48
1170,378,30,8,93.88
1171,379,101,2,211.04
1172,379,12,5,160.4
1173,380,194,5,173.96
1174,380,172,3,109.48
1175,380,116,2,374.78
1176,380,160,10,133.36
1177,381,112,9,13.87
1178,382,30,8,232.78
1179,382,4,7,435.05
1180,382,44,10,364.33
1181,382,168,5,311.16
1182,383,93,2,66.92
1183,383,177,1,99.45
1184,383,173,1,349.54
1185,383,102,4,430.21
1186,383,78,4,243.15
1187,384,167,7,421.83
1188,384,62,9,99.5
1189,385,198,8,213.83
1190,385,119,2,87.22
1191,385,38,3,370.7
1192,386,125,10,125.1
1193,386,121,5,286.87
1194,386,6,7,30.21
1195,386,116,1,55.82
1196,387,107,10,366.88
1197,387,127,5,23.32
1198,387,189,7,245.62
1199,387,149,10,363.68
1200,388,60,1,213.89
1201,388,183,6,278.86
1202,388,16,5,446.97
1203,388,136,7,445.12
1204,389,127,10,469.79
1205,390,115,1,84.86
1206,390,179,4,237.27
1207,390,112,8,119.89
1208,391,151,6,461.26
1209,391,176,8,69.92
1210,392,186,7,417.37
1211,392,183,6,399.01
1212,392,100,3,312.81
1213,393,177,8,68.9
1214,393,192,4,82.38
1215,393,23,8,54.95
1216,394,127,9,28.29
1217,394,78,1,182.6
1218,394,61,5,181.74
1219,394,54,3,91.48
1220,395,9,10,117.21
1221,395,17,9,115.93
1222,395,87,5,496.86
1223,395,111,6,385.84
1224,395,30,9,137.41
1225,396,177,10,336.4
1226,396,132,1,463.68
1227,397,118,10,306.78
1228,397,194,2,412.69
1229,397,29,1,256.12
1230,397,28,3,316.81
1231,398,93,5,355.54
1232,398,41,9,251.7
1233,399,40,6,170.63
1234,400,32,8,484.97
1235,400,52,1,126.43
1236,401,88,2,136.68
1237,401,74,7,183.52
1238,401,130,4,80.05
1239,401,44,9,213.75
1240,402,36,7,459.42
1241,402,110,8,476.16
1242,403,175,1,360.22
1243,403,93,9,472.1
1244,403,8,2,172.46
1245,403,114,7,491.06
1246,403,38,3,219.87
1247,404,195,3,451.74
1248,404,10,1,488.98
1249,404,170,9,486.47
1250,404,165,7,203.99
1251,405,78,1,414.37
1252,405,185,9,307.15
1253,405,191,3,351.65
1254,405,81,8,323.72
1255,405,89,9,314.06
1256,406,167,4,441.08
1257,406,114,2,23.3
1258,406,179,6,198.05
1259,406,89,3,262.63
1260,406,104,9,145.54
1261,407,131,9,159.56
1262,408,194,1,18.81
1263,408,163,9,298.29
1264,408,41,4,416.95
1265,409,186,2,367.33
1266,409,109,6,133.58
1267,409,130,9,180.46
1268,410,194,2,227.12
1269,411,189,10,284.97
1270,411,2,9,423.03
1271,411,117,4,178.42
1272,411,87,5,335.13
1273,411,61,10,337.85
1274,412,134,6,260.64
1275,412,189,4,412.31
1276,412,64,6,229.88
1277,412,27,3,357.26
1278,413,21,3,240.75
1279,413,24,8,43.65
1280,413,16,9,204.36
1281,413,109,9,261.88
1282,414,68,7,498.27
1283,414,150,8,367.2
1284,414,128,7,412.79
1285,414,163,3,255.36
1286,415,183,9,432.32
1287,415,118,2,348.76
1288,415,34,8,239.31
1289,415,181,3,472.31
1290,416,31,2,64.83
1291,416,155,10,148.35
1292,416,105,9,80.89
1293,417,79,5,245.53
1294,417,96,3,75.36
1295,417,78,10,213.77
1296,418,73,8,6.03
1297,418,56,9,177.58
1298,418,47,1,211.7
1299,419,80,8,418.06
1300,419,145,10,70.74
1301,419,116,3,254.86
1302,419,87,8,382.03
1303,419,97,8,78.75
1304,420,23,10,207.77
1305,420,160,4,450.62
1306,420,171,6,272.79
1307,421,189,3,355.07
1308,421,72,10,316.9
1309,421,166,5,282.72
1310,421,23,2,323.74
1311,422,50,10,273.21
1312,423,146,9,98.75
1313,424,129,9,93.97
1314,424,5,1,141.11
1315,424,31,4,126.42
1316,424,169,10,224.89
1317,425,156,8,431.68
1318,425,83,1,173.28
1319,425,103,3,210.39
1320,425,151,9,162.1
1321,425,12,5,50.06
1322,426,139,3,146.25
1323,427,66,2,81.34
1324,427,197,7,340.91
1325,428,158,6,94.82
1326,429,77,7,53.88
1327,430,106,5,190.88
1328,430,83,2,30.68
1329,431,193,10,122.06
1330,431,153,9,377.43
1331,432,30,8,278.79
1332,432,69,2,244.66
1333,432,16,7,318.6
1334,432,82,1,138.23
1335,433,173,3,155.78
1336,433,26,7,225.76
1337,433,64,9,105.71
1338,433,196,3,189.79
1339,433,143,3,392.1
1340,434,109,8,480.75
1341,434,143,10,148.18
1342,434,116,3,5.27
1343,434,11,8,140.28
1344,434,1,5,420.55
1345,435,90,9,144.25
1346,435,162,3,370.9
1347,435,55,10,39.62
1348,435,150,2,200.68
1349,436,36,9,499.42
1350,437,54,6,319.41
1351,437,157,8,140.14
1352,437,130,6,174.11
1353,437,82,8,479.7
1354,438,5,1,306.35
1355,438,178,1,451.22
1356,438,35,3,209.52
1357,439,196,2,271.63
1358,439,101,8,337.76
1359,439,138,6,486.16
1360,439,21,7,414.6
1361,440,100,1,66.76
1362,440,46,6,468.44
1363,440,197,8,9.63
1364,441,195,5,341.87
1365,442,50,5,405.17
1366,442,24,4,120.96
1367,442,158,8,483.81
1368,443,72,8,452.73
1369,444,54,2,435.61
1370,444,2,10,252.66
1371,444,51,3,278.13
1372,444,164,10,337.73
1373,444,102,10,284.74
1374,445,151,3,374.26
1375,446,67,4,441.1
1376,446,146,5,99.97
1377,447,178,9,309.16
1378,448,117,1,427.66
1379,448,1,6,219.11
1380,448,110,7,140.65
1381,448,165,9,235.96
1382,448,173,6,261.04
1383,449,185,4,28.25
1384,450,137,7,101.33
1385,450,115,2,440.65
1386,450,81,1,495.18
1387,450,2,4,489.16
1388,451,20,6,158.85
1389,451,64,2,18.8
1390,451,51,7,404.99
1391,451,43,10,399.62
1392,452,65,8,122.99
1393,452,64,6,417.1
1394,452,28,6,262.24
1395,453,19,10,311.69
1396,453,199,2,314.55
1397,454,32,6,445.59
1398,454,22,2,392.41
1399,454,16,1,459.96
1400,454,9,8,32.12
1401,454,97,10,314.96
1402,455,27,1,281.83
1403,456,98,10,377.22
1404,456,103,4,432.97
1405,456,25,10,10.25
1406,457,119,6,327.21
1407,457,110,1,229.77
1408,457,159,6,295.97
1409,457,26,2,55.83
1410,458,183,3,320.5
1411,458,18,5,180.92
1412,458,152,8,363.69
1413,458,50,8,97.03
1414,458,147,3,399.53
1415,459,33,5,294.34
1416,460,167,9,388.87
1417,460,194,3,237.41
1418,460,92,10,174.74
1419,460,80,6,485.28
1420,460,150,9,295.29
1421,461,15,9,410.5
1422,461,61,9,430.06
1423,462,89,4,393.71
1424,462,51,6,98.73
1425,462,52,8,348.92
1426,462,164,8,301.88
1427,463,149,10,153.32
1428,463,145,6,85.33
1429,463,86,8,438.67
1430,464,127,4,460.38
1431,465,178,8,313.84
1432,465,59,4,242.97
1433,466,190,7,96.2
1434,466,97,1,184.59
1435,466,53,2,182.15
1436,467,30,10,456.79
1437,467,37,6,26.73
1438,467,75,1,103.57
1439,467,113,5,91.2
1440,467,50,5,360.82
1441,468,142,4,15.64
1442,468,63,5,455.77
1443,468,46,1,416.57
1444,469,98,2,172.5
1445,469,168,4,156.01
1446,470,95,3,470.88
1447,470,96,10,441.42
1448,471,31,3,441.95
1449,472,49,9,192.21
1450,472,50,6,162.39
1451,473,163,10,295.73
1452,473,63,9,150.62
1453,473,12,3,167.2
1454,473,196,1,316.58
1455,474,33,8,108.57
1456,474,131,2,393.41
1457,474,150,10,37.11
1458,475,100,8,261.85
1459,475,193,3,164.3
1460,475,166,6,265.11
1461,475,131,8,359.25
1462,475,96,8,239.51
1463,476,103,4,113.67
1464,476,164,4,228.78
1465,476,150,4,200.97
1466,476,167,5,215.39
1467,476,10,7,287.83
1468,477,66,3,377.05
1469,477,141,5,225.03
1470,477,22,6,118.94
1471,478,120,9,312.46
1472,479,116,6,403.23
1473,479,120,6,140.14
1474,479,111,1,93.89
1475,479,105,4,136.48
1476,480,92,2,150.79
1477,481,132,4,53.71
1478,481,140,2,183.32
1479,481,165,9,104.15
1480,481,21,4,339.18
1481,481,71,5,154.84
1482,482,49,3,499.21
1483,482,181,9,456.63
1484,482,155,1,386.19
1485,483,89,1,238.64
1486,483,104,9,494.69
1487,483,149,3,433.41
1488,484,59,4,239.85
1489,484,186,9,295.57
1490,485,194,2,159.97
1491,485,120,4,217.25
1492,485,185,7,108.74
1493,485,119,8,427.21
1494,485,88,1,190.48
1495,486,33,6,173.21
1496,486,79,7,215.73
1497,486,189,7,382.61
1498,486,3,9,153.32
1499,486,128,10,16.5
1500,487,36,3,488.74
1501,488,146,10,289.07
1502,488,162,7,490.19
1503,488,155,4,474.6
1504,489,137,7,98.23
1505,490,85,10,481.16
1506,491,24,9,92.93
1507,491,44,10,246.86
1508,491,27,3,103.5
1509,492,73,9,39.64
1510,492,53,1,187.48
1511,492,60,1,90.05
1512,492,75,7,198.6
1513,493,34,9,212.11
1514,494,100,4,69.32
1515,495,80,8,83.6
1516,495,111,10,469.88
1517,496,52,5,104.84
1518,496,129,3,225.64
1519,496,184,7,304.4
1520,496,176,4,265.3
1521,496,118,10,440.22
1522,497,119,2,147.52
1523,497,148,8,176.66
1524,497,11,5,198.59
1525,497,189,3,210.45
1526,498,159,7,231.62
1527,498,188,3,350.77
1528,499,101,1,123.65
1529,500,71,9,149.49
1530,500,161,2,350.53
1531,501,127,9,65.01
1532,501,106,6,42.88
1533,502,130,6,208.0
1534,503,65,9,27.09
1535,503,54,1,41.23
1536,504,98,4,201.35
1537,504,88,1,129.05
1538,504,191,3,166.92
1539,504,103,8,244.96
1540,505,22,9,330.23
1541,506,36,3,420.06
1542,506,121,10,54.75
1543,506,72,5,66.45
1544,506,42,7,88.38
1545,507,174,5,80.98
1546,508,46,1,446.88
1547,508,56,9,112.0
1548,508,183,1,419.07
1549,509,165,7,346.72
1550,509,170,8,30.95
1551,509,184,1,29.09
1552,509,169,7,384.72
1553,509,27,4,190.45
1554,510,52,1,213.73
1555,510,24,1,171.87
1556,511,175,2,114.18
1557,511,172,2,399.48
1558,512,186,1,210.76
1559,512,43,2,408.73
1560,513,144,10,107.52
1561,513,161,9,200.56
1562,513,49,7,64.8
1563,514,28,6,90.94
1564,514,92,7,328.73
1565,515,100,4,232.09
1566,516,169,5,326.72
1567,517,12,7,154.26
1568,517,18,10,252.29
1569,517,56,2,357.7
1570,518,44,7,340.56
1571,518,65,3,169.36
1572,518,25,6,489.12
1573,518,154,8,38.42
1574,518,84,1,306.22
1575,519,115,4,254.19
1576,519,98,1,120.14
1577,519,131,10,380.68
1578,519,164,2,157.88
1579,519,190,7,379.84
1580,520,21,5,105.0
1581,520,16,7,106.17
1582,520,36,1,122.84
1583,520,96,10,494.33
1584,520,128,8,370.93
1585,521,35,1,262.83
1586,521,72,7,325.78
1587,521,82,5,376.52
1588,522,188,6,124.91
1589,522,85,9,31.77
1590,523,176,4,305.99
1591,523,179,7,263.13
1592,524,114,1,36.99
1593,524,162,8,39.64
1594,525,14,3,469.45
1595,525,163,3,50.42
1596,526,141,7,363.87
1597,526,53,5,86.26
1598,526,61,4,126.24
1599,526,130,3,304.9
1600,526,21,5,146.25
1601,527,163,2,475.75
1602,527,52,6,202.13
1603,527,70,3,238.0
1604,527,124,7,255.12
1605,528,195,7,216.56
1606,528,40,2,380.63
1607,528,124,5,299.62
1608,528,6,3,278.66
1609,529,66,8,156.39
1610,529,98,5,190.7
1611,530,124,8,101.88
1612,530,19,4,7.07
1613,530,86,9,366.53
1614,530,35,6,248.27
1615,530,184,7,470.44
1616,531,99,10,40.26
1617,531,126,1,496.27
1618,531,79,2,195.49
1619,532,42,6,257.26
1620,532,50,8,319.31
1621,532,196,6,349.75
1622,532,112,7,463.63
1623,532,66,4,124.96
1624,533,93,1,350.25
1625,534,67,8,472.41
1626,534,155,3,130.87
1627,535,149,2,323.98
1628,535,170,7,201.85
1629,535,42,10,487.2
1630,535,4,2,261.68
1631,535,30,4,438.62
1632,536,110,5,252.82
1633,536,65,9,330.95
1634,537,151,2,59.09
1635,537,79,10,389.46
1636,537,188,6,408.04
1637,537,106,5,375.62
1638,538,179,8,5.78
1639,538,79,2,388.0
1640,538,2,7,264.86
1641,538,44,5,367.86
1642,539,46,3,353.5
1643,539,96,4,245.8
1644,540,29,4,34.2
1645,540,116,3,405.54
1646,540,146,4,133.38
1647,540,55,7,223.16
1648,540,48,10,59.05
1649,541,21,2,191.98
1650,541,76,5,36.81
1651,542,150,4,241.56
1652,543,3,1,136.71
1653,544,171,10,395.66
1654,545,25,4,263.56
1655,546,97,10,262.44
1656,547,125,6,304.16
1657,547,122,6,188.54
1658,547,194,6,499.73
1659,548,93,7,192.33
1660,548,171,1,487.78
1661,549,26,7,363.98
1662,549,1,3,17.71
1663,549,117,2,435.16
1664,550,180,6,228.7
1665,550,193,8,259.88
1666,550,64,4,6.55
1667,551,5,1,484.95
1668,551,163,6,340.58
1669,551,93,4,305.35
1670,552,190,7,469.85
1671,552,157,8,493.5
1672,552,21,2,368.47
1673,552,90,5,305.55
1674,553,134,9,20.71
1675,553,147,8,399.43
1676,554,173,3,448.72
1677,554,141,2,243.67
1678,554,120,9,124.25
1679,555,44,2,57.21
1680,555,193,1,84.32
1681,556,99,4,360.99
1682,556,197,8,475.99
1683,556,72,2,334.41
1684,557,163,6,436.61
1685,557,186,10,384.34
1686,557,126,10,37.01
1687,557,24,6,191.62
1688,557,178,7,328.69
1689,558,112,5,48.4
1690,558,60,2,173.42
1691,558,58,10,468.92
1692,558,67,2,288.56
1693,558,30,3,427.4
1694,559,148,1,297.08
1695,559,189,4,424.32
1696,559,1,7,163.22
1697,559,80,6,399.77
1698,560,134,10,297.43
1699,560,170,2,200.68
1700,561,118,8,341.59
1701,561,81,3,302.73
1702,561,38,3,374.79
1703,561,76,1,301.45
1704,561,57,5,253.68
1705,562,71,10,241.75
1706,563,127,7,34.11
1707,563,75,6,80.59
1708,564,188,1,461.96
1709,564,58,3,429.11
1710,565,77,9,199.18
1711,565,169,7,340.56
1712,565,41,6,380.07
1713,565,6,7,40.55
1714,566,73,9,199.92
1715,566,179,3,165.09
1716,566,50,10,433.6
1717,567,182,5,231.48
1718,568,148,8,349.5
1719,568,36,5,449.12
1720,569,56,4,368.98
1721,569,192,1,184.3
1722,570,27,3,463.36
1723,570,174,2,181.01
1724,570,38,8,93.92
1725,570,97,1,63.09
1726,570,110,9,326.8
1727,571,112,4,21.83
1728,571,39,4,201.34
1729,571,161,5,345.55
1730,571,185,3,328.13
1731,571,104,7,389.05
1732,572,200,8,433.12
1733,573,71,6,10.74
1734,573,162,2,45.91
1735,573,168,8,322.5
1736,573,114,9,116.34
1737,574,147,2,398.2
1738,574,123,3,195.06
1739,574,71,7,152.69
1740,574,178,3,54.22
1741,574,191,2,358.32
1742,575,48,9,409.64
1743,575,104,9,246.84
1744,575,180,9,419.39
1745,575,6,9,358.31
1746,575,101,2,377.99
1747,576,169,3,431.69
1748,576,31,3,7.64
1749,577,81,10,107.08
1750,577,32,3,48.47
1751,577,11,5,426.47
1752,577,33,1,46.88
1753,578,130,5,184.96
1754,579,44,5,27.85
1755,579,109,9,452.79
1756,579,169,5,331.28
1757,579,1,8,74.23
1758,579,64,8,349.08
1759,580,91,2,333.0
1760,580,156,1,122.36
1761,580,138,4,75.13
1762,580,131,4,478.92
1763,580,54,10,278.27
1764,581,92,7,41.81
1765,581,72,5,134.03
1766,581,33,3,203.03
1767,581,187,2,472.65
1768,581,160,7,470.4
1769,582,138,2,316.64
1770,582,53,5,497.7
1771,583,183,10,330.37
1772,583,96,9,304.45
1773,584,40,1,482.19
1774,584,81,4,43.37
1775,584,112,2,268.08
1776,584,98,9,206.36
1777,585,164,6,390.15
1778,585,23,3,435.08
1779,585,93,4,140.46
1780,586,97,4,192.42
1781,587,32,3,265.61
1782,588,151,9,177.71
1783,588,126,10,433.37
1784,588,25,9,139.17
1785,589,13,3,162.41
1786,590,47,9,278.08
1787,590,89,7,241.05
1788,590,190,3,133.24
1789,590,174,9,358.05
1790,591,37,10,369.03
1791,591,97,1,459.63
1792,592,182,10,212.03
1793,592,200,8,95.64
1794,592,64,6,400.24
1795,593,74,4,156.07
1796,593,71,2,473.99
1797,593,110,7,386.44
1798,593,134,2,319.16
1799,593,184,2,366.33
1800,594,43,10,33.42
1801,595,142,7,340.13
1802,595,127,3,242.43
1803,595,3,9,344.14
1804,596,179,4,455.89
1805,596,32,1,358.51
1806,596,104,9,376.09
1807,596,4,4,497.14
1808,596,158,9,343.62
1809,597,156,8,482.5
1810,598,58,9,179.88
1811,598,45,1,214.25
1812,598,20,7,89.39
1813,598,94,2,172.29
1814,598,35,4,416.7
1815,599,75,5,244.15
1816,600,55,10,199.84
1817,600,1,5,464.91
1818,600,189,9,413.74
1819,601,119,10,424.93
1820,602,92,1,309.69
1821,603,77,1,178.11
1822,603,91,3,204.02
1823,603,28,1,55.16
1824,604,51,3,208.31
1825,604,22,8,8.42
1826,604,136,5,116.92
1827,604,132,7,190.28
1828,605,110,5,58.8
1829,605,47,8,329.86
1830,605,138,8,85.11
1831,606,192,6,442.37
1832,606,112,4,59.78
1833,606,2,5,24.93
1834,607,108,3,334.77
1835,607,191,8,480.05
1836,607,85,5,63.8
1837,607,9,8,277.31
1838,608,84,7,253.42
1839,608,193,7,70.05
1840,609,6,3,81.99
1841,610,4,6,217.68
1842,610,197,10,370.03
1843,610,176,7,242.7
1844,610,61,5,245.53
1845,610,14,7,127.63
1846,611,187,3,128.49
1847,611,131,2,432.76
1848,612,171,4,239.58
1849,612,110,2,352.07
1850,613,157,3,118.55
1851,613,47,3,203.64
1852,613,49,5,495.25
1853,613,152,3,216.02
1854,613,162,10,103.82
1855,614,98,7,264.86
1856,615,57,7,242.2
1857,615,87,9,216.4
1858,616,78,2,138.28
1859,617,90,4,163.32
1860,617,183,1,94.97
1861,617,108,1,30.8
1862,618,55,5,454.7
1863,618,74,2,218.3
1864,618,121,5,474.42
1865,619,86,2,336.13
1866,619,78,9,386.38
1867,619,29,3,168.95
1868,620,191,9,304.33
1869,620,200,4,326.87
1870,620,151,4,294.24
1871,621,28,3,316.63
1872,622,31,4,353.81
1873,622,11,2,42.07
1874,622,151,9,311.41
1875,622,168,5,364.05
1876,622,49,4,269.11
1877,623,12,4,212.02
1878,623,33,5,446.34
1879,624,89,2,455.87
1880,624,94,2,244.0
1881,624,115,9,466.01
1882,624,162,9,396.49
1883,624,184,3,301.58
1884,625,75,10,35.09
1885,625,12,4,371.65
1886,626,127,2,86.93
1887,626,176,9,195.15
1888,626,137,7,203.42
1889,626,132,5,107.43
1890,627,41,10,112.81
1891,628,132,8,254.39
1892,629,67,5,278.31
1893,629,78,3,115.85
1894,629,57,9,122.92
1895,629,76,1,321.61
1896,629,182,5,463.99
1897,630,14,4,269.62
1898,630,165,1,326.08
1899,630,64,10,486.25
1900,631,22,5,362.43
1901,631,181,7,449.68
1902,631,141,5,165.69
1903,632,161,1,412.85
1904,633,188,3,131.71
1905,633,72,1,271.01
1906,634,28,5,435.66
1907,634,185,10,277.68
1908,634,191,8,114.22
1909,634,177,5,105.94
1910,634,98,7,82.04
1911,635,187,7,187.48
1912,635,186,8,51.38
1913,636,118,3,98.49
1914,636,48,8,471.96
1915,637,166,1,158.53
1916,637,73,3,409.66
1917,638,49,4,230.24
1918,638,18,7,54.62
1919,638,37,9,72.96
1920,638,19,1,303.63
1921,638,110,7,195.08
1922,639,4,1,70.43
1923,640,69,3,469.61
1924,641,4,6,427.1
1925,641,3,2,105.15
1926,641,28,8,381.04
1927,641,139,8,408.66
1928,641,189,5,169.22
1929,642,63,9,347.56
1930,642,15,9,65.92
1931,643,27,9,151.89
1932,644,107,4,216.43
1933,644,37,3,179.89
1934,644,1,5,116.81
1935,644,58,7,344.95
1936,644,7,2,248.45
1937,645,58,2,478.45
1938,646,92,6,63.58
1939,646,20,2,448.32
1940,646,158,10,79.8
1941,647,136,7,79.36
1942,647,86,5,314.26
1943,647,154,5,177.45
1944,647,47,2,139.19
1945,648,170,2,395.48
1946,648,95,3,390.0
1947,648,68,3,163.53
1948,648,183,7,226.11
1949,649,18,5,76.61
1950,649,29,6,497.41
1951,649,148,3,384.93
1952,649,110,6,163.06
1953,650,124,6,73.42
1954,650,178,4,194.68
1955,650,106,9,251.07
1956,650,155,9,248.84
1957,651,59,7,265.84
1958,651,99,4,353.03
1959,651,22,4,184.05
1960,651,149,4,496.98
1961,651,184,1,184.39
1962,652,35,6,425.13
1963,652,29,3,150.88
1964,652,16,3,418.45
1965,652,90,9,486.05
1966,653,63,3,63.03
1967,653,54,3,191.84
1968,653,58,1,349.58
1969,653,15,7,188.98
1970,654,170,10,41.52
1971,655,41,2,126.3
1972,655,8,1,286.75
1973,655,38,7,79.11
1974,655,94,3,237.53
1975,655,37,3,375.31
1976,656,121,6,224.77
1977,656,106,1,146.95
1978,656,185,3,34.7
1979,657,155,3,254.13
1980,658,102,7,341.55
1981,659,142,9,156.49
1982,659,183,4,214.72
1983,659,67,3,139.55
1984,659,147,2,263.14
1985,660,191,7,311.43
1986,660,55,4,199.18
1987,661,155,6,328.09
1988,661,20,7,414.49
1989,661,178,3,32.06
1990,661,120,6,325.09
1991,661,123,4,138.61
1992,662,20,6,303.58
1993,663,8,3,273.08
1994,663,62,2,109.9
1995,663,73,1,379.48
1996,664,49,1,123.97
1997,664,142,2,488.45
1998,664,52,10,27.21
1999,665,12,5,9.2
2000,665,13,6,377.08
2001,665,81,7,252.61
2002,665,24,6,377.16
2003,666,34,2,169.0
2004,666,180,9,55.0
2005,666,173,3,16.72
2006,667,123,3,80.01
2007,667,151,8,43.98
2008,667,10,2,476.65
2009,667,75,4,442.78
2010,668,197,3,496.74
2011,668,184,9,260.57
2012,669,167,3,172.82
2013,669,134,6,313.62
2014,669,197,7,24.81
2015,669,88,7,123.36
2016,669,115,10,305.4
2017,670,146,8,53.22
2018,670,161,1,75.6
2019,671,141,2,230.13
2020,671,23,3,467.36
2021,671,128,3,38.74
2022,672,94,8,132.68
2023,672,91,8,489.35
2024,672,23,8,326.89
2025,672,19,3,470.22
2026,672,46,10,246.69
2027,673,74,10,458.98
2028,673,103,3,223.21
2029,673,105,9,423.19
2030,674,96,7,255.44
2031,674,22,5,439.32
2032,674,175,1,312.2
2033,675,190,4,351.37
2034,676,3,3,287.22
2035,676,40,2,115.41
2036,676,27,8,336.23
2037,676,75,6,235.61
2038,676,97,9,450.56
2039,677,28,2,459.14
2040,677,22,7,385.27
2041,677,47,4,203.75
2042,677,188,2,162.06
2043,678,125,2,142.8
2044,678,55,1,274.82
2045,678,180,8,77.03
2046,678,190,4,163.49
2047,678,122,1,493.97
2048,679,16,4,31.77
2049,679,93,1,476.56
2050,679,111,7,138.57
2051,679,122,3,46.38
2052,680,71,7,45.45
2053,681,108,5,96.12
2054,681,135,1,50.76
2055,681,55,7,174.3
2056,681,172,5,86.44
2057,682,108,9,345.97
2058,682,124,3,482.97
2059,682,122,7,180.57
2060,683,100,2,362.75
2061,683,3,10,310.17
2062,683,144,6,333.71
2063,683,153,6,12.02
2064,683,51,8,467.24
2065,684,82,5,262.74
2066,684,30,1,494.18
2067,684,173,3,318.98
2068,684,105,10,53.24
2069,685,191,7,349.74
2070,685,49,3,302.47
2071,686,90,4,486.01
2072,686,54,10,477.78
2073,687,94,5,253.53
2074,687,5,2,351.16
2075,687,78,8,209.96
2076,688,91,9,487.16
2077,688,139,6,61.12
2078,688,110,3,232.12
2079,689,46,3,273.67
2080,689,142,7,146.09
2081,689,153,7,318.88
2082,690,26,10,466.59
2083,690,23,2,250.72
2084,690,27,10,463.98
2085,690,167,2,318.59
2086,690,5,9,292.71
2087,691,171,5,426.59
2088,692,58,8,278.04
2089,692,199,2,101.8
2090,693,32,7,8.76
2091,693,90,6,392.19
2092,693,119,9,145.38
2093,693,106,5,157.16
2094,694,173,1,12.69
2095,694,62,3,396.3
2096,694,2,9,410.92
2097,694,107,10,162.15
2098,695,147,4,280.09
2099,695,111,7,100.37
2100,696,14,7,488.79
2101,696,148,3,204.54
2102,696,110,6,261.05
2103,696,33,7,119.33
2104,697,130,10,393.22
2105,697,31,5,419.48
2106,698,83,2,51.17
2107,698,53,7,10.71
2108,699,40,2,288.04
2109,699,8,1,372.46
2110,699,159,3,491.79
2111,699,182,6,97.34
2112,699,140,4,151.98
2113,700,63,5,331.33
2114,700,186,5,46.07
2115,700,200,3,315.58
2116,700,97,10,434.13
2117,700,198,2,232.27
2118,701,32,3,50.92
2119,701,28,8,423.09
2120,701,37,4,198.45
2121,701,73,8,398.74
2122,701,68,7,41.42
2123,702,54,7,190.75
2124,703,163,3,152.88
2125,703,116,3,331.53
2126,703,42,10,428.13
2127,704,88,6,244.54
2128,705,154,5,463.66
2129,705,140,4,305.02
2130,705,2,9,16.4
2131,705,41,9,381.68
2132,705,134,4,434.1
2133,706,56,1,167.13
2134,707,22,3,137.46
2135,707,187,8,103.62
2136,708,90,9,327.7
2137,709,191,7,461.56
2138,709,127,5,90.61
2139,709,112,5,481.13
2140,709,132,2,293.91
2141,710,80,7,442.01
2142,710,43,7,300.18
2143,710,53,5,408.87
2144,710,185,10,58.24
2145,710,125,7,217.51
2146,711,91,3,445.28
2147,711,96,9,130.27
2148,711,162,7,150.27
2149,711,17,9,179.37
2150,711,116,1,61.75
2151,712,110,4,40.96
2152,712,48,6,189.12
2153,712,92,6,65.54
2154,713,177,6,110.82
2155,713,3,10,398.64
2156,713,184,4,283.01
2157,714,73,4,55.95
2158,714,155,5,359.55
2159,714,55,2,289.1
2160,714,135,7,342.66
2161,715,82,8,28.16
2162,715,51,5,213.51
2163,715,13,2,229.13
2164,715,127,10,166.8
2165,716,61,1,323.61
2166,716,148,10,494.04
2167,716,6,8,145.76
2168,716,73,7,23.32
2169,717,136,2,237.6
2170,717,11,7,363.01
2171,717,87,5,162.01
2172,717,166,6,203.17
2173,717,5,9,388.43
2174,718,157,8,249.2
2175,718,13,2,422.32
2176,718,101,10,55.86
2177,718,77,4,28.68
2178,719,36,2,496.8
2179,720,58,6,408.99
2180,720,44,9,494.83
2181,720,23,1,133.55
2182,720,49,1,59.85
2183,721,20,10,396.86
2184,721,68,7,138.61
2185,721,85,3,462.8
2186,722,118,10,444.46
2187,722,31,7,320.27
2188,722,33,2,263.27
2189,722,82,4,291.05
2190,722,38,8,488.29
2191,723,198,4,50.44
2192,723,188,5,357.13
2193,723,124,6,281.47
2194,724,169,4,349.01
2195,724,166,2,486.02
2196,725,55,1,336.9
2197,726,99,6,108.29
2198,726,49,10,381.99
2199,726,125,9,429.94
2200,726,27,5,355.71
2201,727,130,3,113.3
2202,727,28,6,195.86
2203,728,159,7,98.04
2204,728,132,5,214.43
2205,728,52,5,475.99
2206,728,200,10,325.95
2207,729,119,2,124.08
2208,729,28,8,97.58
2209,730,122,9,229.06
2210,731,31,6,218.58
2211,731,141,3,201.48
2212,731,22,7,256.42
2213,732,113,5,188.04
2214,733,167,7,367.34
2215,734,50,3,299.05
2216,734,76,9,305.69
2217,734,49,9,219.61
2218,734,104,1,324.94
2219,735,57,2,31.3
2220,736,148,5,123.19
2221,737,26,7,198.99
2222,737,71,2,113.84
2223,737,58,5,250.11
2224,737,159,3,393.94
2225,737,180,6,320.27
2226,738,74,9,454.35
2227,738,188,10,241.0
2228,738,1,5,427.02
2229,738,25,4,89.27
2230,738,48,2,87.49
2231,739,117,8,216.82
2232,739,37,1,92.87
2233,739,4,5,441.22
2234,740,174,1,299.03
2235,740,195,8,293.66
2236,741,64,1,285.8
2237,741,121,5,418.5
2238,741,29,9,254.06
2239,741,12,3,388.75
2240,742,78,6,229.05
2241,743,140,8,130.5
2242,743,66,8,11.71
2243,743,170,6,154.06
2244,744,133,10,244.76
2245,744,199,5,344.46
2246,744,170,1,78.21
2247,745,57,8,20.3
2248,745,169,10,371.8
2249,745,37,7,182.91
2250,745,92,2,100.95
2251,746,164,9,450.11
2252,746,28,8,493.73
2253,746,71,9,91.6
2254,746,161,6,444.56
2255,747,151,4,25.34
2256,747,107,9,352.41
2257,747,71,10,65.87
2258,747,80,8,285.5
2259,748,74,8,463.98
2260,748,29,3,235.83
2261,748,3,3,263.98
2262,749,160,3,155.3
2263,749,143,5,36.99
2264,749,171,5,12.72
2265,750,56,5,413.61
2266,751,14,8,156.38
2267,752,91,5,73.17
2268,752,170,5,393.71
2269,752,1,9,334.34
2270,752,13,9,81.74
2271,753,183,5,75.61
2272,754,111,2,148.95
2273,754,150,1,239.22
2274,755,64,7,214.17
2275,755,174,2,447.05
2276,755,164,5,300.53
2277,756,145,6,403.17
2278,756,112,3,343.24
2279,757,65,7,279.37
2280,757,35,5,155.97
2281,758,146,9,95.77
2282,758,161,7,52.54
2283,758,119,9,223.74
2284,759,129,6,236.85
2285,759,176,7,235.94
2286,759,183,7,233.34
2287,760,7,3,309.53
2288,760,197,5,394.38
2289,760,108,10,258.54
2290,760,23,3,312.34
2291,760,194,10,439.51
2292,761,194,7,67.34
2293,762,119,9,232.81
2294,763,22,1,138.74
2295,764,86,10,53.21
2296,765,145,6,432.84
2297,765,124,2,371.53
2298,765,177,9,370.98
2299,766,180,4,260.55
2300,767,190,3,153.94
2301,767,127,5,360.98
2302,767,35,1,403.78
2303,767,58,10,345.45
2304,767,173,2,38.24
2305,768,155,9,52.95
2306,768,31,4,56.29
2307,769,130,8,198.4
2308,770,77,7,244.44
2309,771,61,5,411.73
2310,771,140,8,430.36
2311,772,32,3,75.13
2312,772,111,4,89.53
2313,772,38,9,104.17
2314,772,163,8,148.57
2315,772,6,2,479.75
2316,773,95,7,350.34
2317,773,171,2,234.66
2318,773,71,7,78.34
2319,773,101,5,231.26
2320,774,100,10,225.02
2321,774,3,6,481.58
2322,774,149,8,441.8
2323,774,78,8,142.07
2324,774,9,3,182.09
2325,775,54,9,36.07
2326,775,90,3,179.17
2327,775,181,10,172.95
2328,775,135,3,142.78
2329,775,100,5,462.12
2330,776,166,8,191.38
2331,777,156,9,388.82
2332,777,169,9,133.32
2333,777,47,6,296.48
2334,777,148,10,177.31
2335,778,104,3,119.69
2336,778,18,2,252.22
2337,778,12,8,165.21
2338,778,8,4,490.76
2339,778,188,4,57.19
2340,779,187,7,461.58
2341,779,99,1,307.89
2342,780,10,2,223.56
2343,781,156,3,163.97
2344,781,162,8,191.93
2345,781,8,10,280.45
2346,782,65,8,341.03
2347,782,126,4,104.59
2348,783,112,4,47.58
2349,783,136,1,316.41
2350,784,53,1,405.95
2351,785,93,7,286.31
2352,786,88,3,342.77
2353,787,128,9,179.29
2354,787,49,10,450.38
2355,787,54,3,401.79
2356,787,147,8,216.62
2357,787,122,7,437.62
2358,788,21,2,251.86
2359,788,33,1,302.74
2360,788,133,6,16.16
2361,788,77,5,461.53
2362,788,26,5,198.26
2363,789,18,2,269.54
2364,789,41,4,427.33
2365,789,74,10,252.52
2366,790,159,2,293.47
2367,790,15,5,328.35
2368,790,140,1,172.33
2369,790,179,5,104.25
2370,791,36,4,275.81
2371,792,194,4,249.31
2372,792,170,10,452.64
2373,792,16,1,176.19
2374,793,107,10,370.95
2375,794,142,8,473.57
2376,795,186,1,250.82
2377,795,11,4,326.92
2378,795,27,7,241.41
2379,796,6,1,387.94
2380,796,15,4,269.42
2381,797,175,9,243.68
2382,797,176,7,384.01
2383,797,189,3,217.71
2384,797,5,7,277.02
2385,798,113,2,449.09
2386,799,91,7,459.44
2387,799,50,4,119.86
2388,799,88,10,9.97
2389,800,192,1,495.51
2390,800,193,1,437.26
2391,800,138,4,407.25
2392,800,146,2,33.04
2393,801,47,6,303.2
2394,801,73,4,499.05
2395,801,12,3,305.03
2396,801,81,8,330.5
2397,802,20,5,469.49
2398,803,127,6,449.33
2399,803,181,4,224.55
2400,804,94,5,435.14
2401,804,200,4,265.79
2402,804,142,5,162.84
2403,805,129,10,245.67
2404,805,27,2,105.76
2405,805,14,3,421.51
2406,805,89,9,119.12
2407,805,106,9,109.33
2408,806,186,4,350.68
2409,806,37,8,476.76
2410,806,10,1,251.96
2411,807,70,5,296.18
2412,808,22,10,195.05
2413,808,16,1,432.07
2414,808,72,7,224.79
2415,809,53,3,331.66
2416,809,98,9,30.87
2417,810,9,6,468.93
2418,810,139,10,378.47
2419,810,196,6,461.74
2420,811,193,1,173.77
2421,811,152,10,219.87
2422,811,56,7,392.39
2423,812,28,9,197.11
2424,813,137,10,361.01
2425,813,119,9,133.75
2426,813,109,7,236.33
2427,814,34,5,400.8
2428,814,4,5,47.34
2429,815,198,5,172.08
2430,815,139,7,24.11
2431,816,93,5,392.3
2432,816,69,10,11.11
2433,816,169,5,286.38
2434,817,68,8,13.55
2435,817,46,1,235.89
2436,817,114,6,242.7
2437,818,56,5,449.04
2438,818,105,9,160.44
2439,818,15,2,223.02
2440,818,149,5,384.16
2441,818,21,5,133.47
2442,819,33,3,436.26
2443,819,59,1,120.17
2444,819,162,1,96.21
2445,819,45,9,430.98
2446,820,82,1,476.09
2447,820,11,5,487.76
2448,820,142,1,340.8
2449,820,184,6,272.52
2450,820,59,1,302.29
2451,821,28,8,61.03
2452,821,20,2,122.3
2453,821,130,6,287.33
2454,822,19,3,17.22
2455,822,165,10,395.14
2456,822,110,6,487.67
2457,822,73,6,237.99
2458,823,160,6,27.08
2459,823,8,3,456.38
2460,823,42,1,57.58
2461,824,81,9,392.82
2462,824,131,6,470.27
2463,825,150,3,193.64
2464,825,9,2,477.81
2465,825,169,4,284.87
2466,825,186,10,317.01
2467,826,138,1,305.52
2468,826,188,9,262.57
2469,826,32,6,138.25
2470,826,136,10,150.07
2471,827,85,6,119.29
2472,827,63,6,375.35
2473,828,178,4,225.28
2474,829,93,9,42.84
2475,829,21,6,328.4
2476,829,91,10,119.02
2477,829,144,7,118.73
2478,830,138,7,338.68
2479,830,63,3,304.75
2480,831,88,2,207.21
2481,831,81,9,491.71
2482,831,31,10,249.63
2483,832,47,1,87.55
2484,832,117,7,135.37
2485,833,183,1,417.76
2486,833,121,1,346.57
2487,833,191,2,70.53
2488,833,26,9,459.72
2489,833,33,7,180.41
2490,834,179,5,63.92
2491,834,143,6,297.78
2492,834,62,10,58.35
2493,834,183,1,41.51
2494,835,115,8,371.65
2495,835,105,7,148.2
2496,835,162,8,351.56
2497,836,186,10,458.59
2498,836,197,9,46.48
2499,837,152,10,188.09
2500,838,98,9,362.65
2501,838,83,5,472.66
2502,838,113,2,119.97
2503,838,46,8,173.85
2504,839,133,5,164.79
2505,839,135,6,379.86
2506,839,149,3,25.76
2507,839,131,4,218.12
2508,839,110,5,289.69
2509,840,81,2,147.48
2510,840,26,8,222.26
2511,840,89,3,147.8
2512,840,73,5,494.46
2513,840,43,2,462.64
2514,841,37,9,420.2
2515,841,25,3,18.54
2516,841,53,1,480.13
2517,842,138,6,105.55
2518,842,50,10,216.12
2519,842,2,8,262.84
2520,842,126,8,151.0
2521,842,7,2,359.54
2522,843,114,7,249.16
2523,844,36,5,367.16
2524,845,91,2,373.42
2525,846,187,6,82.58
2526,846,20,6,141.67
2527,847,173,6,446.67
2528,847,199,1,219.52
2529,847,19,9,162.18
2530,847,181,9,332.26
2531,847,177,1,474.85
2532,848,63,3,295.24
2533,849,173,5,237.71
2534,849,51,8,407.87
2535,850,73,2,475.66
2536,850,34,4,6.58
2537,850,51,2,247.89
2538,850,163,10,108.23
2539,851,10,5,308.62
2540,851,108,10,121.18
2541,852,124,3,439.56
2542,852,136,4,438.14
2543,852,169,8,247.66
2544,853,154,5,52.78
2545,853,92,2,481.64
2546,853,140,5,212.7
2547,853,124,8,166.07
2548,854,30,2,177.05
2549,854,46,7,353.89
2550,854,119,8,420.86
2551,854,82,8,302.52
2552,855,8,5,256.21
2553,855,75,7,35.1
2554,856,67,7,198.73
2555,856,173,8,215.47
2556,856,82,5,456.62
2557,857,125,6,319.95
2558,857,187,1,157.71
2559,857,57,7,114.55
2560,858,138,2,474.2
2561,858,53,10,307.32
2562,859,155,1,475.39
2563,859,139,1,402.19
2564,860,200,6,456.55
2565,861,17,6,270.06
2566,861,168,3,419.88
2567,861,13,7,430.56
2568,861,133,4,148.64
2569,861,54,3,455.77
2570,862,106,4,470.31
2571,862,56,1,423.51
2572,862,142,9,55.75
2573,863,125,5,17.0
2574,863,11,4,21.72
2575,863,41,2,407.43
2576,863,73,7,329.36
2577,864,190,2,42.88
2578,864,70,9,362.45
2579,865,6,10,459.89
2580,865,4,2,369.26
2581,865,191,7,101.17
2582,865,139,10,430.36
2583,866,109,1,154.57
2584,866,132,8,105.32
2585,866,191,5,484.78
2586,867,121,4,483.61
2587,867,97,9,142.89
2588,867,75,5,454.29
2589,867,110,9,255.76
2590,867,24,7,13.52
2591,868,187,9,358.72
2592,868,101,8,115.91
2593,868,96,1,201.69
2594,868,196,4,226.31
2595,869,145,6,76.17
2596,869,28,2,52.22
2597,869,165,3,107.8
2598,869,80,8,298.74
2599,870,37,7,310.16
2600,871,134,4,34.17
2601,871,186,8,129.75
2602,871,146,5,371.55
2603,871,195,3,23.07
2604,872,154,4,378.74
2605,872,105,8,275.07
2606,872,2,6,479.94
2607,872,69,4,164.31
2608,872,177,8,259.64
2609,873,27,7,351.13
2610,874,33,9,375.33
2611,874,194,3,102.7
2612,874,4,2,24.34
2613,874,42,7,250.12
2614,875,125,7,9.58
2615,875,36,2,220.56
2616,875,192,5,361.37
2617,875,141,5,263.63
2618,875,108,10,445.32
2619,876,167,4,402.39
2620,876,43,6,262.09
2621,876,37,5,238.69
2622,876,75,4,468.42
2623,876,134,3,86.3
2624,877,3,3,237.89
2625,877,82,1,159.36
2626,877,107,4,103.64
2627,877,46,2,271.18
2628,878,25,8,299.25
2629,878,16,2,178.47
2630,878,160,9,442.25
2631,879,161,5,145.67
2632,879,4,7,294.31
2633,879,50,5,186.8
2634,880,66,4,43.35
2635,880,144,3,55.97
2636,880,139,4,143.59
2637,880,165,5,284.01
2638,881,134,7,168.43
2639,881,151,10,304.36
2640,882,172,4,494.6
2641,882,122,2,465.13
2642,882,54,10,77.51
2643,882,44,3,240.35
2644,882,1,1,165.05
2645,883,36,9,404.58
2646,884,171,9,381.2
2647,884,121,4,282.27
2648,884,84,7,388.09
2649,884,78,8,180.72
2650,885,82,3,473.02
2651,885,136,5,357.12
2652,885,21,7,282.44
2653,885,155,8,349.07
2654,885,55,5,344.26
2655,886,112,6,428.41
2656,886,167,6,365.6
2657,886,90,4,310.4
2658,886,46,4,194.32
2659,886,7,3,466.93
2660,887,51,8,183.69
2661,888,2,5,167.58
2662,888,151,6,458.32
2663,889,4,5,322.63
2664,889,156,7,26.74
2665,889,70,5,140.72
2666,889,9,1,485.71
2667,889,166,1,432.28
2668,890,156,3,239.36
2669,890,162,9,404.68
2670,890,117,1,187.92
2671,890,126,10,447.66
2672,891,181,3,436.1
2673,891,189,3,46.0
2674,892,15,8,320.55
2675,893,81,2,429.66
2676,894,50,1,169.67
2677,894,168,6,449.38
2678,894,158,3,453.33
2679,895,185,7,211.11
2680,895,94,1,37.15
2681,895,133,9,78.02
2682,895,4,5,46.56
2683,895,171,8,27.03
2684,896,51,1,159.03
2685,896,177,9,178.59
2686,896,130,6,235.79
2687,896,105,2,285.26
2688,896,45,8,48.64
2689,897,47,2,96.9
2690,898,161,4,320.78
2691,898,6,8,45.23
2692,898,197,4,157.35
2693,898,44,4,374.97
2694,898,3,3,158.69
2695,899,181,3,284.69
2696,899,74,7,116.85
2697,899,46,4,140.04
2698,899,72,4,92.67
2699,900,67,5,50.74
2700,900,179,6,291.45
2701,900,113,6,387.32
2702,901,116,10,195.91
2703,901,162,9,286.51
2704,901,176,7,176.73
2705,901,44,5,107.69
2706,901,10,9,278.05
2707,902,24,4,132.82
2708,902,132,8,134.12
2709,902,198,2,260.93
2710,903,122,8,295.48
2711,903,36,6,284.07
2712,904,9,6,435.32
2713,904,83,1,83.58
2714,904,180,8,170.68
2715,904,27,2,97.62
2716,904,162,6,156.61
2717,905,140,8,405.56
2718,905,48,8,298.82
2719,905,193,7,366.82
2720,905,6,8,417.88
2721,906,186,6,243.87
2722,906,96,7,153.59
2723,906,154,4,382.77
2724,907,28,10,203.37
2725,907,108,1,86.19
2726,907,110,3,461.57
2727,907,199,10,482.79
2728,907,69,9,103.24
2729,908,193,1,485.31
2730,908,36,5,397.47
2731,908,34,3,401.74
2732,908,170,8,201.02
2733,908,86,8,5.42
2734,909,52,5,157.23
2735,909,45,3,121.91
2736,910,112,4,81.3
2737,910,24,9,423.61
2738,911,2,6,54.46
2739,911,123,9,344.96
2740,911,41,4,456.85
2741,912,119,2,196.85
2742,912,181,6,382.71
2743,912,63,3,202.94
2744,912,196,6,449.52
2745,913,153,6,246.71
2746,913,101,10,18.31
2747,913,137,10,93.19
2748,913,19,4,187.72
2749,914,129,10,377.08
2750,914,1,2,324.56
2751,914,157,3,252.48
2752,915,55,5,220.52
2753,916,99,7,79.62
2754,916,168,5,196.47
2755,916,47,8,22.24
2756,917,46,9,417.95
2757,917,42,8,404.08
2758,917,102,6,344.6
2759,917,175,2,329.65
2760,918,4,10,255.95
2761,918,42,8,10.74
2762,918,82,7,214.12
2763,918,33,1,154.96
2764,919,190,10,404.53
2765,919,163,8,253.52
2766,919,30,8,357.45
2767,920,94,7,435.81
2768,920,29,2,79.44
2769,920,46,6,474.36
2770,920,109,10,132.63
2771,920,137,9,407.35
2772,921,112,1,65.17
2773,921,13,8,232.82
2774,921,119,1,445.14
2775,921,73,6,129.9
2776,922,173,1,273.66
2777,922,76,3,150.15
2778,922,197,7,13.67
2779,923,77,10,60.28
2780,923,163,1,267.98
2781,923,10,7,128.07
2782,924,137,2,67.4
2783,925,163,7,446.89
2784,925,127,6,486.07
2785,926,63,1,42.89
2786,926,188,6,23.95
2787,926,135,10,488.54
2788,926,146,2,194.05
2789,926,118,2,172.2
2790,927,109,3,475.43
2791,927,103,5,362.19
2792,927,6,2,419.24
2793,928,30,5,309.71
2794,928,50,9,427.85
2795,928,147,4,348.66
2796,928,67,1,190.25
2797,929,56,3,142.04
2798,929,195,1,304.29
2799,929,112,3,340.71
2800,929,71,5,7.5
2801,930,5,3,141.01
2802,930,107,8,301.54
2803,931,25,1,355.96
2804,931,57,4,36.54
2805,931,58,5,365.44
2806,932,118,6,273.02
2807,932,151,8,465.29
2808,932,108,1,174.76
2809,932,163,6,176.45
2810,932,153,8,80.13
2811,933,54,7,131.57
2812,933,137,1,332.05
2813,933,179,10,484.02
2814,933,44,8,282.86
2815,934,22,9,187.75
2816,934,54,5,376.67
2817,934,192,8,338.88
2818,935,40,10,294.54
2819,936,91,1,376.94
2820,936,145,5,280.44
2821,936,111,8,494.89
2822,936,107,7,460.98
2823,936,196,3,192.32
2824,937,25,7,113.06
2825,938,147,5,93.42
2826,939,197,7,277.28
2827,939,200,6,376.88
2828,940,154,6,316.99
2829,940,72,6,253.64
2830,940,82,9,199.13
2831,940,198,7,249.94
2832,941,74,7,147.76
2833,941,116,9,415.78
2834,941,41,8,329.81
2835,941,46,2,194.76
2836,942,108,1,311.34
2837,942,106,3,306.8
2838,942,49,9,499.46
2839,942,163,10,287.44
2840,943,6,3,286.81
2841,943,84,8,343.76
2842,943,157,6,16.25
2843,943,64,10,442.34
2844,944,142,8,187.69
2845,944,131,4,91.73
2846,944,50,4,164.75
2847,944,42,5,37.08
2848,945,53,10,233.28
2849,946,176,8,494.91
2850,946,155,3,486.54
2851,947,165,4,233.8
2852,947,29,2,8.41
2853,947,155,1,342.6
2854,947,85,7,434.2
2855,947,41,8,431.77
2856,948,107,5,442.26
2857,949,31,9,358.81
2858,949,184,8,243.0
2859,949,199,1,150.02
2860,949,156,7,415.01
2861,949,166,1,184.87
2862,950,162,2,77.26
2863,950,167,5,380.18
2864,950,113,10,378.02
2865,950,110,2,362.39
2866,950,32,6,209.38
2867,951,37,4,135.93
2868,951,63,6,322.81
2869,951,124,2,231.83
2870,952,193,6,151.17
2871,952,63,8,168.68
2872,952,194,8,351.28
2873,952,67,10,141.27
2874,953,195,3,78.27
2875,954,7,10,184.55
2876,954,57,5,156.8
2877,954,95,3,285.98
2878,955,122,5,81.45
2879,955,183,3,77.53
2880,955,113,5,430.28
2881,956,164,4,293.7
2882,956,59,3,294.2
2883,956,8,5,185.26
2884,957,191,3,486.34
2885,957,133,3,295.63
2886,957,104,9,160.58
2887,957,123,6,192.1
2888,957,159,8,325.95
2889,958,124,2,174.47
2890,958,45,5,107.18
2891,958,98,3,142.77
2892,958,4,2,326.75
2893,958,172,6,251.9
2894,959,164,4,184.96
2895,959,4,1,202.25
2896,959,192,2,476.25
2897,959,135,9,38.26
2898,959,59,9,481.02
2899,960,21,4,126.12
2900,960,15,3,346.4
2901,960,115,4,118.03
2902,960,146,8,92.83
2903,960,134,10,136.55
2904,961,24,2,453.54
2905,961,191,3,263.67
2906,961,49,1,107.83
2907,962,150,10,241.25
2908,962,195,2,270.78
2909,963,82,2,102.23
2910,964,114,2,240.64
2911,965,139,10,111.42
2912,966,77,7,431.26
2913,966,146,2,361.39
2914,966,3,8,389.81
2915,966,149,4,296.52
2916,967,194,10,139.02
2917,967,117,3,167.68
2918,967,1,8,259.53
2919,967,65,5,135.78
2920,967,105,9,128.27
2921,968,174,5,314.83
2922,968,144,2,488.73
2923,968,129,3,246.35
2924,969,131,3,93.5
2925,969,121,7,338.12
2926,969,127,2,463.02
2927,970,88,3,100.83
2928,970,164,2,382.61
2929,970,176,4,157.06
2930,970,138,5,163.41
2931,971,121,4,287.65
2932,971,27,3,165.26
2933,971,176,4,384.37
2934,971,77,3,426.92
2935,971,157,10,332.98
2936,972,133,10,395.43
2937,972,122,5,118.22
2938,972,168,5,238.63
2939,973,95,6,364.72
2940,973,38,6,227.61
2941,973,79,7,283.83
2942,974,2,7,180.04
2943,974,196,3,487.62
2944,974,104,5,14.64
2945,974,15,4,108.26
2946,975,76,6,216.61
2947,975,96,7,166.21
2948,975,7,9,370.81
2949,976,159,8,428.92
2950,976,129,2,41.84
2951,977,84,8,471.04
2952,977,186,10,237.59
2953,978,200,7,345.46
2954,979,64,7,34.36
2955,979,72,1,321.62
2956,979,156,5,271.26
2957,979,151,8,462.19
2958,980,121,3,441.02
2959,981,84,7,413.03
2960,982,151,10,104.0
2961,982,77,2,221.94
2962,983,147,5,280.55
2963,983,140,5,346.34
2964,983,196,3,387.19
2965,984,180,6,478.81
2966,985,198,4,96.15
2967,985,115,8,117.7
2968,985,192,6,169.84
2969,986,66,1,74.43
2970,986,155,7,216.53
2971,986,192,8,400.06
2972,987,16,7,497.85
2973,987,132,9,437.18
2974,987,96,6,396.12
2975,987,5,8,144.91
2976,987,145,6,319.02
2977,988,145,2,487.24
2978,989,137,3,400.3
2979,990,147,8,306.97
2980,991,193,7,409.79
2981,991,19,8,228.39
2982,992,167,2,94.93
2983,992,85,10,173.21
2984,993,200,7,289.5
2985,993,178,1,313.73
2986,993,190,7,14.34
2987,993,111,4,164.58
2988,993,6,3,133.13
2989,994,150,6,268.52
2990,994,173,4,386.11
2991,995,91,3,107.04
2992,995,184,3,54.94
2993,995,148,9,302.95
2994,995,40,1,390.83
2995,995,49,9,177.52
2996,996,84,6,464.59
2997,997,52,3,215.02
2998,997,78,5,120.32
2999,998,198,1,72.97
3000,998,91,8,65.94
3001,999,7,4,193.31
3002,999,114,8,222.08
3003,999,191,4,106.79
3004,999,190,7,297.16
3005,1000,24,3,255.82
